algorithm,dataset,rmse_mine,rmse_off,d_rmse,cliff_mine,cliff_off,d_cliff,n_train,n_test,n_cliff
SVM,CHEMBL1862_Ki,0.773565,0.773565,0.000000,0.673929,0.673929,0.000000,633,161,67
SVM,CHEMBL1871_Ki,0.664931,0.664931,-0.000000,0.873356,0.873356,0.000000,525,134,32
SVM,CHEMBL2034_Ki,0.673742,0.673742,-0.000000,0.812858,0.812858,0.000000,598,152,52
SVM,CHEMBL2047_EC50,0.613574,0.613574,-0.000000,0.687411,0.687411,0.000000,503,128,50
SVM,CHEMBL204_Ki,0.723131,0.723131,0.000000,0.858813,0.858813,-0.000000,2201,553,220
SVM,CHEMBL2147_Ki,0.576209,0.576209,-0.000000,0.579572,0.579572,-0.000000,1162,294,116
SVM,CHEMBL214_Ki,0.634461,0.634461,0.000000,0.723825,0.723825,-0.000000,2651,666,245
SVM,CHEMBL218_EC50,0.718980,0.718980,0.000000,0.761412,0.761412,-0.000000,823,208,76
SVM,CHEMBL219_Ki,0.709612,0.709612,0.000000,0.788281,0.788281,-0.000000,1491,374,148
SVM,CHEMBL228_Ki,0.662065,0.662074,-0.000009,0.675913,0.675925,-0.000012,1362,342,127
SVM,CHEMBL231_Ki,0.750318,0.750318,0.000000,0.932242,0.932242,0.000000,776,197,48
SVM,CHEMBL233_Ki,0.774232,0.774226,0.000006,0.859080,0.859067,0.000013,2512,630,259
SVM,CHEMBL234_Ki,0.621662,0.621662,-0.000000,0.631824,0.631824,0.000000,2924,733,320
SVM,CHEMBL235_EC50,0.639687,0.639691,-0.000004,0.774260,0.774267,-0.000007,1877,472,178
SVM,CHEMBL236_Ki,0.698080,0.698080,-0.000000,0.797766,0.797766,0.000000,2077,521,204
SVM,CHEMBL237_EC50,0.720033,0.720033,0.000000,0.781576,0.781576,0.000000,762,193,91
SVM,CHEMBL237_Ki,0.677141,0.677141,-0.000000,0.735015,0.735015,0.000000,2081,522,223
SVM,CHEMBL238_Ki,0.610063,0.610063,-0.000000,0.680838,0.680838,-0.000000,839,213,55
SVM,CHEMBL239_EC50,0.677621,0.677621,-0.000000,0.819104,0.819104,-0.000000,1374,347,141
SVM,CHEMBL244_Ki,0.715164,0.715157,0.000008,0.796611,0.796601,0.000009,2476,621,296
SVM,CHEMBL262_Ki,0.723561,0.723561,-0.000000,0.655612,0.655612,0.000000,683,173,32
SVM,CHEMBL264_Ki,0.614967,0.614967,-0.000000,0.674080,0.674080,0.000000,2288,574,239
SVM,CHEMBL2835_Ki,0.419769,0.419799,-0.000030,0.742578,0.742677,-0.000099,489,126,13
SVM,CHEMBL287_Ki,0.714202,0.714211,-0.000009,0.811534,0.811549,-0.000015,1061,267,103
SVM,CHEMBL2971_Ki,0.605035,0.605035,-0.000000,0.658999,0.658999,0.000000,779,197,34
SVM,CHEMBL3979_EC50,0.629455,0.629475,-0.000020,0.673694,0.673710,-0.000016,899,226,94
SVM,CHEMBL4005_Ki,0.646152,0.646152,0.000000,0.741546,0.741546,-0.000000,767,193,81
SVM,CHEMBL4203_Ki,0.879794,0.879794,-0.000000,1.001433,1.001433,-0.000000,582,149,13
SVM,CHEMBL4616_EC50,0.635268,0.635268,0.000000,0.692430,0.692430,0.000000,543,139,73
SVM,CHEMBL4792_Ki,0.633395,0.633395,-0.000000,0.638141,0.638141,-0.000000,1174,297,160
RF,CHEMBL1862_Ki,0.812996,0.805117,0.007879,0.700433,0.685949,0.014484,633,161,67
RF,CHEMBL1871_Ki,0.665972,0.659960,0.006012,0.911947,0.906362,0.005585,525,134,32
RF,CHEMBL2034_Ki,0.726609,0.726912,-0.000303,0.851312,0.851793,-0.000481,598,152,52
RF,CHEMBL2047_EC50,0.629413,0.627521,0.001892,0.671355,0.664613,0.006742,503,128,50
RF,CHEMBL204_Ki,0.767225,0.762779,0.004445,0.904676,0.898835,0.005840,2201,553,220
RF,CHEMBL2147_Ki,0.658371,0.661555,-0.003184,0.677584,0.676338,0.001246,1162,294,116
RF,CHEMBL214_Ki,0.699236,0.700289,-0.001053,0.797345,0.801006,-0.003661,2651,666,245
RF,CHEMBL218_EC50,0.708363,0.705521,0.002842,0.755128,0.759605,-0.004477,823,208,76
RF,CHEMBL219_Ki,0.722639,0.722728,-0.000088,0.768027,0.765049,0.002978,1491,374,148
RF,CHEMBL228_Ki,0.711091,0.709292,0.001800,0.773322,0.773311,0.000011,1362,342,127
RF,CHEMBL231_Ki,0.817103,0.821546,-0.004443,0.905644,0.907422,-0.001777,776,197,48
RF,CHEMBL233_Ki,0.799319,0.800728,-0.001409,0.876556,0.879608,-0.003052,2512,630,259
RF,CHEMBL234_Ki,0.662336,0.659977,0.002358,0.684366,0.682872,0.001494,2924,733,320
RF,CHEMBL235_EC50,0.635335,0.638488,-0.003153,0.755033,0.764435,-0.009402,1877,472,178
RF,CHEMBL236_Ki,0.710853,0.710813,0.000039,0.793073,0.792147,0.000926,2077,521,204
RF,CHEMBL237_EC50,0.769841,0.762013,0.007828,0.795870,0.792682,0.003188,762,193,91
RF,CHEMBL237_Ki,0.732695,0.728835,0.003860,0.801022,0.799492,0.001530,2081,522,223
RF,CHEMBL238_Ki,0.622187,0.624724,-0.002536,0.645360,0.656210,-0.010850,839,213,55
RF,CHEMBL239_EC50,0.684430,0.688953,-0.004523,0.821855,0.824836,-0.002981,1374,347,141
RF,CHEMBL244_Ki,0.744483,0.740717,0.003766,0.829539,0.823140,0.006399,2476,621,296
RF,CHEMBL262_Ki,0.722449,0.721201,0.001249,0.769742,0.774937,-0.005195,683,173,32
RF,CHEMBL264_Ki,0.658232,0.658635,-0.000403,0.739823,0.741809,-0.001986,2288,574,239
RF,CHEMBL2835_Ki,0.396583,0.387564,0.009019,0.799588,0.802062,-0.002474,489,126,13
RF,CHEMBL287_Ki,0.770688,0.775771,-0.005083,0.887114,0.891089,-0.003975,1061,267,103
RF,CHEMBL2971_Ki,0.629589,0.629730,-0.000141,0.629442,0.642780,-0.013338,779,197,34
RF,CHEMBL3979_EC50,0.647396,0.649685,-0.002289,0.707318,0.707812,-0.000493,899,226,94
RF,CHEMBL4005_Ki,0.647409,0.647536,-0.000127,0.733398,0.732089,0.001309,767,193,81
RF,CHEMBL4203_Ki,0.887648,0.881607,0.006041,1.040733,1.080902,-0.040169,582,149,13
RF,CHEMBL4616_EC50,0.696947,0.681604,0.015343,0.781579,0.769546,0.012033,543,139,73
RF,CHEMBL4792_Ki,0.708666,0.708629,0.000037,0.723183,0.721142,0.002040,1174,297,160
GBM,CHEMBL1862_Ki,0.775095,0.797739,-0.022644,0.751909,0.746507,0.005402,633,161,67
GBM,CHEMBL1871_Ki,0.685051,0.677543,0.007508,0.930087,0.922070,0.008017,525,134,32
GBM,CHEMBL2034_Ki,0.750003,0.767404,-0.017401,0.870279,0.863676,0.006602,598,152,52
GBM,CHEMBL2047_EC50,0.613582,0.601985,0.011597,0.682607,0.639585,0.043022,503,128,50
GBM,CHEMBL204_Ki,0.785678,0.753306,0.032372,0.943894,0.932048,0.011847,2201,553,220
GBM,CHEMBL2147_Ki,0.620811,0.581057,0.039754,0.627288,0.616097,0.011190,1162,294,116
GBM,CHEMBL214_Ki,0.678089,0.677537,0.000551,0.762387,0.761068,0.001318,2651,666,245
GBM,CHEMBL218_EC50,0.695102,0.711624,-0.016523,0.726157,0.746363,-0.020206,823,208,76
GBM,CHEMBL219_Ki,0.720997,0.711702,0.009295,0.785039,0.764625,0.020414,1491,374,148
GBM,CHEMBL228_Ki,0.686957,0.686235,0.000722,0.716379,0.723385,-0.007006,1362,342,127
GBM,CHEMBL231_Ki,0.752335,0.773664,-0.021329,0.905011,0.954803,-0.049792,776,197,48
GBM,CHEMBL233_Ki,0.816926,0.801719,0.015207,0.906328,0.885654,0.020674,2512,630,259
GBM,CHEMBL234_Ki,0.647177,0.629303,0.017874,0.654525,0.648626,0.005899,2924,733,320
GBM,CHEMBL235_EC50,0.656828,0.663120,-0.006292,0.769204,0.806253,-0.037049,1877,472,178
GBM,CHEMBL236_Ki,0.686293,0.696215,-0.009922,0.788711,0.793540,-0.004829,2077,521,204
GBM,CHEMBL237_EC50,0.819035,0.802608,0.016427,0.901004,0.880299,0.020705,762,193,91
GBM,CHEMBL237_Ki,0.710605,0.712686,-0.002081,0.781895,0.788702,-0.006807,2081,522,223
GBM,CHEMBL238_Ki,0.634835,0.617971,0.016864,0.669907,0.637690,0.032217,839,213,55
GBM,CHEMBL239_EC50,0.659220,0.682487,-0.023267,0.788014,0.820510,-0.032495,1374,347,141
GBM,CHEMBL244_Ki,0.730162,0.736059,-0.005897,0.814240,0.820760,-0.006520,2476,621,296
GBM,CHEMBL262_Ki,0.746534,0.749789,-0.003255,0.738676,0.727364,0.011313,683,173,32
GBM,CHEMBL264_Ki,0.642932,0.648577,-0.005645,0.717163,0.721532,-0.004369,2288,574,239
GBM,CHEMBL2835_Ki,0.436098,0.405261,0.030837,0.841257,0.789313,0.051944,489,126,13
GBM,CHEMBL287_Ki,0.743008,0.759058,-0.016050,0.839018,0.847322,-0.008304,1061,267,103
GBM,CHEMBL2971_Ki,0.601172,0.615671,-0.014499,0.649264,0.666709,-0.017445,779,197,34
GBM,CHEMBL3979_EC50,0.640449,0.659541,-0.019093,0.692571,0.721678,-0.029107,899,226,94
GBM,CHEMBL4005_Ki,0.652882,0.646806,0.006076,0.742249,0.748237,-0.005987,767,193,81
GBM,CHEMBL4203_Ki,0.912910,0.919368,-0.006458,1.042492,1.075322,-0.032830,582,149,13
GBM,CHEMBL4616_EC50,0.693620,0.685655,0.007965,0.765635,0.767514,-0.001879,543,139,73
GBM,CHEMBL4792_Ki,0.664448,0.673728,-0.009280,0.705905,0.686531,0.019374,1174,297,160
KNN,CHEMBL1862_Ki,0.898282,0.898282,0.000000,0.821817,0.821817,-0.000000,633,161,67
KNN,CHEMBL1871_Ki,0.649790,0.649790,0.000000,0.817006,0.817006,0.000000,525,134,32
KNN,CHEMBL2034_Ki,0.696462,0.696462,0.000000,0.913289,0.913289,-0.000000,598,152,52
KNN,CHEMBL2047_EC50,0.641777,0.641777,0.000000,0.735350,0.735350,0.000000,503,128,50
KNN,CHEMBL204_Ki,0.821719,0.820656,0.001063,0.998046,0.995372,0.002674,2201,553,220
KNN,CHEMBL2147_Ki,0.661750,0.661750,0.000000,0.682120,0.682120,-0.000000,1162,294,116
KNN,CHEMBL214_Ki,0.734537,0.733486,0.001051,0.873350,0.874225,-0.000874,2651,666,245
KNN,CHEMBL218_EC50,0.735475,0.735475,0.000000,0.784823,0.784823,0.000000,823,208,76
KNN,CHEMBL219_Ki,0.775438,0.775438,0.000000,0.815941,0.815941,-0.000000,1491,374,148
KNN,CHEMBL228_Ki,0.717345,0.717345,0.000000,0.811194,0.811194,0.000000,1362,342,127
KNN,CHEMBL231_Ki,0.776341,0.776341,-0.000000,1.020175,1.020175,-0.000000,776,197,48
KNN,CHEMBL233_Ki,0.815133,0.815994,-0.000861,0.912530,0.912267,0.000263,2512,630,259
KNN,CHEMBL234_Ki,0.674169,0.675188,-0.001019,0.699833,0.698892,0.000941,2924,733,320
KNN,CHEMBL235_EC50,0.688057,0.688057,0.000000,0.794607,0.794607,0.000000,1877,472,178
KNN,CHEMBL236_Ki,0.743968,0.745820,-0.001851,0.863704,0.864978,-0.001274,2077,521,204
KNN,CHEMBL237_EC50,0.809982,0.809982,-0.000000,0.875797,0.875797,0.000000,762,193,91
KNN,CHEMBL237_Ki,0.739623,0.736167,0.003456,0.852516,0.850744,0.001772,2081,522,223
KNN,CHEMBL238_Ki,0.646626,0.646626,-0.000000,0.734621,0.734621,-0.000000,839,213,55
KNN,CHEMBL239_EC50,0.713570,0.713570,-0.000000,0.864634,0.864634,-0.000000,1374,347,141
KNN,CHEMBL244_Ki,0.770784,0.767416,0.003368,0.879701,0.873521,0.006181,2476,621,296
KNN,CHEMBL262_Ki,0.833665,0.833665,0.000000,0.899430,0.899430,0.000000,683,173,32
KNN,CHEMBL264_Ki,0.676682,0.673859,0.002823,0.810276,0.805341,0.004935,2288,574,239
KNN,CHEMBL2835_Ki,0.436246,0.436246,0.000000,0.858372,0.858372,-0.000000,489,126,13
KNN,CHEMBL287_Ki,0.810041,0.810041,0.000000,0.956909,0.956909,0.000000,1061,267,103
KNN,CHEMBL2971_Ki,0.663446,0.663446,-0.000000,0.782387,0.782387,-0.000000,779,197,34
KNN,CHEMBL3979_EC50,0.683595,0.683595,-0.000000,0.738859,0.738859,0.000000,899,226,94
KNN,CHEMBL4005_Ki,0.655652,0.655652,-0.000000,0.753996,0.753996,0.000000,767,193,81
KNN,CHEMBL4203_Ki,0.971839,0.971839,-0.000000,1.074000,1.074000,-0.000000,582,149,13
KNN,CHEMBL4616_EC50,0.739777,0.739777,0.000000,0.828211,0.828211,-0.000000,543,139,73
KNN,CHEMBL4792_Ki,0.695495,0.695495,-0.000000,0.724431,0.724431,0.000000,1174,297,160
