descriptor,algorithm,dataset,rmse_mine,rmse_off,cliff_mine,cliff_off,n_train,n_test,n_cliff
ECFP,SVM,CHEMBL1862_Ki,0.7736,0.7736,0.6739,0.6739,633,161,67
ECFP,RF,CHEMBL1862_Ki,0.8121,0.8051,0.6971,0.6859,633,161,67
ECFP,GBM,CHEMBL1862_Ki,0.791,0.7977,0.7704,0.7465,633,161,67
ECFP,KNN,CHEMBL1862_Ki,0.8983,0.8983,0.8218,0.8218,633,161,67
ECFP,SVM,CHEMBL1871_Ki,0.6649,0.6649,0.8734,0.8734,525,134,32
ECFP,RF,CHEMBL1871_Ki,0.6592,0.66,0.9002,0.9064,525,134,32
ECFP,GBM,CHEMBL1871_Ki,0.7049,0.6775,0.9594,0.9221,525,134,32
ECFP,KNN,CHEMBL1871_Ki,0.6498,0.6498,0.817,0.817,525,134,32
ECFP,SVM,CHEMBL2034_Ki,0.6737,0.6737,0.8129,0.8129,598,152,52
ECFP,RF,CHEMBL2034_Ki,0.7312,0.7269,0.8549,0.8518,598,152,52
ECFP,GBM,CHEMBL2034_Ki,0.7383,0.7674,0.8504,0.8637,598,152,52
ECFP,KNN,CHEMBL2034_Ki,0.6965,0.6965,0.9133,0.9133,598,152,52
ECFP,SVM,CHEMBL2047_EC50,0.6136,0.6136,0.6874,0.6874,503,128,50
ECFP,RF,CHEMBL2047_EC50,0.6229,0.6275,0.6653,0.6646,503,128,50
ECFP,GBM,CHEMBL2047_EC50,0.6072,0.602,0.6705,0.6396,503,128,50
ECFP,KNN,CHEMBL2047_EC50,0.6418,0.6418,0.7353,0.7353,503,128,50
ECFP,SVM,CHEMBL204_Ki,0.7231,0.7231,0.8588,0.8588,2201,553,220
ECFP,RF,CHEMBL204_Ki,0.7638,0.7628,0.9001,0.8988,2201,553,220
ECFP,GBM,CHEMBL204_Ki,0.77,0.7533,0.9506,0.932,2201,553,220
ECFP,KNN,CHEMBL204_Ki,0.8217,0.8207,0.998,0.9954,2201,553,220
ECFP,SVM,CHEMBL2147_Ki,0.5762,0.5762,0.5796,0.5796,1162,294,116
ECFP,RF,CHEMBL2147_Ki,0.6593,0.6616,0.6711,0.6763,1162,294,116
ECFP,GBM,CHEMBL2147_Ki,0.6002,0.5811,0.6192,0.6161,1162,294,116
ECFP,KNN,CHEMBL2147_Ki,0.6618,0.6618,0.6821,0.6821,1162,294,116
ECFP,SVM,CHEMBL214_Ki,0.6345,0.6345,0.7238,0.7238,2651,666,245
ECFP,RF,CHEMBL214_Ki,0.7026,0.7003,0.8016,0.801,2651,666,245
ECFP,GBM,CHEMBL214_Ki,0.6683,0.6775,0.7452,0.7611,2651,666,245
ECFP,KNN,CHEMBL214_Ki,0.7345,0.7335,0.8734,0.8742,2651,666,245
ECFP,SVM,CHEMBL218_EC50,0.719,0.719,0.7614,0.7614,823,208,76
ECFP,RF,CHEMBL218_EC50,0.706,0.7055,0.7581,0.7596,823,208,76
ECFP,GBM,CHEMBL218_EC50,0.6904,0.7116,0.7441,0.7464,823,208,76
ECFP,KNN,CHEMBL218_EC50,0.7355,0.7355,0.7848,0.7848,823,208,76
ECFP,SVM,CHEMBL219_Ki,0.7096,0.7096,0.7883,0.7883,1491,374,148
ECFP,RF,CHEMBL219_Ki,0.7186,0.7227,0.7649,0.765,1491,374,148
ECFP,GBM,CHEMBL219_Ki,0.7148,0.7117,0.7796,0.7646,1491,374,148
ECFP,KNN,CHEMBL219_Ki,0.7754,0.7754,0.8159,0.8159,1491,374,148
ECFP,SVM,CHEMBL228_Ki,0.6621,0.6621,0.6759,0.6759,1362,342,127
ECFP,RF,CHEMBL228_Ki,0.7102,0.7093,0.7732,0.7733,1362,342,127
ECFP,GBM,CHEMBL228_Ki,0.6676,0.6862,0.7253,0.7234,1362,342,127
ECFP,KNN,CHEMBL228_Ki,0.7173,0.7173,0.8112,0.8112,1362,342,127
ECFP,SVM,CHEMBL231_Ki,0.7503,0.7503,0.9322,0.9322,776,197,48
ECFP,RF,CHEMBL231_Ki,0.8246,0.8215,0.9131,0.9074,776,197,48
ECFP,GBM,CHEMBL231_Ki,0.7388,0.7737,0.9035,0.9548,776,197,48
ECFP,KNN,CHEMBL231_Ki,0.7763,0.7763,1.0202,1.0202,776,197,48
ECFP,SVM,CHEMBL233_Ki,0.7742,0.7742,0.8591,0.8591,2512,630,259
ECFP,RF,CHEMBL233_Ki,0.7968,0.8007,0.8744,0.8796,2512,630,259
ECFP,GBM,CHEMBL233_Ki,0.8086,0.8017,0.8851,0.8857,2512,630,259
ECFP,KNN,CHEMBL233_Ki,0.8151,0.816,0.9125,0.9123,2512,630,259
ECFP,SVM,CHEMBL234_Ki,0.6217,0.6217,0.6318,0.6318,2924,733,320
ECFP,RF,CHEMBL234_Ki,0.6628,0.66,0.6824,0.6829,2924,733,320
ECFP,GBM,CHEMBL234_Ki,0.6472,0.6293,0.6574,0.6486,2924,733,320
ECFP,KNN,CHEMBL234_Ki,0.6742,0.6752,0.6998,0.6989,2924,733,320
ECFP,SVM,CHEMBL235_EC50,0.6397,0.6397,0.7743,0.7743,1877,472,178
ECFP,RF,CHEMBL235_EC50,0.6409,0.6385,0.7622,0.7644,1877,472,178
ECFP,GBM,CHEMBL235_EC50,0.6541,0.6631,0.7757,0.8063,1877,472,178
ECFP,KNN,CHEMBL235_EC50,0.6881,0.6881,0.7946,0.7946,1877,472,178
ECFP,SVM,CHEMBL236_Ki,0.6981,0.6981,0.7978,0.7978,2077,521,204
ECFP,RF,CHEMBL236_Ki,0.7118,0.7108,0.7904,0.7921,2077,521,204
ECFP,GBM,CHEMBL236_Ki,0.6864,0.6962,0.7939,0.7935,2077,521,204
ECFP,KNN,CHEMBL236_Ki,0.744,0.7458,0.8637,0.865,2077,521,204
ECFP,SVM,CHEMBL237_EC50,0.72,0.72,0.7816,0.7816,762,193,91
ECFP,RF,CHEMBL237_EC50,0.7668,0.762,0.7974,0.7927,762,193,91
ECFP,GBM,CHEMBL237_EC50,0.7938,0.8026,0.8992,0.8803,762,193,91
ECFP,KNN,CHEMBL237_EC50,0.81,0.81,0.8758,0.8758,762,193,91
ECFP,SVM,CHEMBL237_Ki,0.6771,0.6771,0.735,0.735,2081,522,223
ECFP,RF,CHEMBL237_Ki,0.7296,0.7288,0.7994,0.7995,2081,522,223
ECFP,GBM,CHEMBL237_Ki,0.7112,0.7127,0.7704,0.7887,2081,522,223
ECFP,KNN,CHEMBL237_Ki,0.7396,0.7362,0.8525,0.8507,2081,522,223
ECFP,SVM,CHEMBL238_Ki,0.6101,0.6101,0.6808,0.6808,839,213,55
ECFP,RF,CHEMBL238_Ki,0.6218,0.6247,0.6516,0.6562,839,213,55
ECFP,GBM,CHEMBL238_Ki,0.6326,0.618,0.6649,0.6377,839,213,55
ECFP,KNN,CHEMBL238_Ki,0.6466,0.6466,0.7346,0.7346,839,213,55
ECFP,SVM,CHEMBL239_EC50,0.6776,0.6776,0.8191,0.8191,1374,347,141
ECFP,RF,CHEMBL239_EC50,0.6863,0.689,0.8222,0.8248,1374,347,141
ECFP,GBM,CHEMBL239_EC50,0.6768,0.6825,0.8036,0.8205,1374,347,141
ECFP,KNN,CHEMBL239_EC50,0.7136,0.7136,0.8646,0.8646,1374,347,141
ECFP,SVM,CHEMBL244_Ki,0.7152,0.7152,0.7966,0.7966,2476,621,296
ECFP,RF,CHEMBL244_Ki,0.7417,0.7407,0.8234,0.8231,2476,621,296
ECFP,GBM,CHEMBL244_Ki,0.7468,0.7361,0.823,0.8208,2476,621,296
ECFP,KNN,CHEMBL244_Ki,0.7708,0.7674,0.8797,0.8735,2476,621,296
ECFP,SVM,CHEMBL262_Ki,0.7236,0.7236,0.6556,0.6556,683,173,32
ECFP,RF,CHEMBL262_Ki,0.7133,0.7212,0.7573,0.7749,683,173,32
ECFP,GBM,CHEMBL262_Ki,0.7592,0.7498,0.6978,0.7274,683,173,32
ECFP,KNN,CHEMBL262_Ki,0.8337,0.8337,0.8994,0.8994,683,173,32
ECFP,SVM,CHEMBL264_Ki,0.615,0.615,0.6741,0.6741,2288,574,239
ECFP,RF,CHEMBL264_Ki,0.6585,0.6586,0.7411,0.7418,2288,574,239
ECFP,GBM,CHEMBL264_Ki,0.6501,0.6486,0.7257,0.7215,2288,574,239
ECFP,KNN,CHEMBL264_Ki,0.6767,0.6739,0.8103,0.8053,2288,574,239
ECFP,SVM,CHEMBL2835_Ki,0.4198,0.4198,0.7426,0.7427,489,126,13
ECFP,RF,CHEMBL2835_Ki,0.3828,0.3876,0.7899,0.8021,489,126,13
ECFP,GBM,CHEMBL2835_Ki,0.4113,0.4053,0.772,0.7893,489,126,13
ECFP,KNN,CHEMBL2835_Ki,0.4362,0.4362,0.8584,0.8584,489,126,13
ECFP,SVM,CHEMBL287_Ki,0.7142,0.7142,0.8115,0.8115,1061,267,103
ECFP,RF,CHEMBL287_Ki,0.7734,0.7758,0.9028,0.8911,1061,267,103
ECFP,GBM,CHEMBL287_Ki,0.7524,0.7591,0.8846,0.8473,1061,267,103
ECFP,KNN,CHEMBL287_Ki,0.81,0.81,0.9569,0.9569,1061,267,103
ECFP,SVM,CHEMBL2971_Ki,0.605,0.605,0.659,0.659,779,197,34
ECFP,RF,CHEMBL2971_Ki,0.6337,0.6297,0.6332,0.6428,779,197,34
ECFP,GBM,CHEMBL2971_Ki,0.6446,0.6157,0.736,0.6667,779,197,34
ECFP,KNN,CHEMBL2971_Ki,0.6634,0.6634,0.7824,0.7824,779,197,34
ECFP,SVM,CHEMBL3979_EC50,0.6295,0.6295,0.6737,0.6737,899,226,94
ECFP,RF,CHEMBL3979_EC50,0.6498,0.6497,0.7079,0.7078,899,226,94
ECFP,GBM,CHEMBL3979_EC50,0.644,0.6595,0.7065,0.7217,899,226,94
ECFP,KNN,CHEMBL3979_EC50,0.6836,0.6836,0.7389,0.7389,899,226,94
ECFP,SVM,CHEMBL4005_Ki,0.6462,0.6462,0.7415,0.7415,767,193,81
ECFP,RF,CHEMBL4005_Ki,0.6529,0.6475,0.7366,0.7321,767,193,81
ECFP,GBM,CHEMBL4005_Ki,0.6441,0.6468,0.7522,0.7482,767,193,81
ECFP,KNN,CHEMBL4005_Ki,0.6557,0.6557,0.754,0.754,767,193,81
ECFP,SVM,CHEMBL4203_Ki,0.8798,0.8798,1.0014,1.0014,582,149,13
ECFP,RF,CHEMBL4203_Ki,0.8883,0.8816,1.0573,1.0809,582,149,13
ECFP,GBM,CHEMBL4203_Ki,0.9044,0.9194,1.103,1.0753,582,149,13
ECFP,KNN,CHEMBL4203_Ki,0.9718,0.9718,1.074,1.074,582,149,13
ECFP,SVM,CHEMBL4616_EC50,0.6353,0.6353,0.6924,0.6924,543,139,73
ECFP,RF,CHEMBL4616_EC50,0.6996,0.6816,0.7885,0.7695,543,139,73
ECFP,GBM,CHEMBL4616_EC50,0.6779,0.6857,0.751,0.7675,543,139,73
ECFP,KNN,CHEMBL4616_EC50,0.7398,0.7398,0.8282,0.8282,543,139,73
ECFP,SVM,CHEMBL4792_Ki,0.6334,0.6334,0.6381,0.6381,1174,297,160
ECFP,RF,CHEMBL4792_Ki,0.7065,0.7086,0.7235,0.7211,1174,297,160
ECFP,GBM,CHEMBL4792_Ki,0.6596,0.6737,0.6902,0.6865,1174,297,160
ECFP,KNN,CHEMBL4792_Ki,0.6955,0.6955,0.7244,0.7244,1174,297,160
MACCS,SVM,CHEMBL1862_Ki,0.8905,0.8905,0.8592,0.8592,633,161,67
MACCS,RF,CHEMBL1862_Ki,0.8807,0.8739,0.8451,0.8439,633,161,67
MACCS,GBM,CHEMBL1862_Ki,0.8806,0.8602,0.8279,0.7781,633,161,67
MACCS,KNN,CHEMBL1862_Ki,1.0494,1.0494,0.8676,0.8676,633,161,67
MACCS,SVM,CHEMBL1871_Ki,0.6702,0.6702,0.8906,0.8905,525,134,32
MACCS,RF,CHEMBL1871_Ki,0.701,0.7025,0.9016,0.9044,525,134,32
MACCS,GBM,CHEMBL1871_Ki,0.7116,0.6859,0.9362,0.9039,525,134,32
MACCS,KNN,CHEMBL1871_Ki,0.7051,0.7051,0.9412,0.9412,525,134,32
MACCS,SVM,CHEMBL2034_Ki,0.6808,0.6808,0.8602,0.8602,598,152,52
MACCS,RF,CHEMBL2034_Ki,0.6991,0.7002,0.8324,0.8283,598,152,52
MACCS,GBM,CHEMBL2034_Ki,0.6997,0.7234,0.8358,0.8565,598,152,52
MACCS,KNN,CHEMBL2034_Ki,0.7682,0.7682,0.9102,0.9102,598,152,52
MACCS,SVM,CHEMBL2047_EC50,0.6946,0.6947,0.7363,0.7363,503,128,50
MACCS,RF,CHEMBL2047_EC50,0.6751,0.6765,0.7039,0.7071,503,128,50
MACCS,GBM,CHEMBL2047_EC50,0.6949,0.6703,0.7501,0.7019,503,128,50
MACCS,KNN,CHEMBL2047_EC50,0.7057,0.7057,0.6895,0.6895,503,128,50
MACCS,SVM,CHEMBL204_Ki,0.8059,0.8059,0.9832,0.9832,2201,553,220
MACCS,RF,CHEMBL204_Ki,0.8154,0.8149,0.9739,0.9706,2201,553,220
MACCS,GBM,CHEMBL204_Ki,0.8009,0.7998,0.9604,0.9579,2201,553,220
MACCS,KNN,CHEMBL204_Ki,0.8919,0.891,1.044,1.0433,2201,553,220
MACCS,SVM,CHEMBL2147_Ki,0.7937,0.7937,0.8061,0.8061,1162,294,116
MACCS,RF,CHEMBL2147_Ki,0.8086,0.806,0.795,0.7925,1162,294,116
MACCS,GBM,CHEMBL2147_Ki,0.7845,0.7915,0.7874,0.7775,1162,294,116
MACCS,KNN,CHEMBL2147_Ki,0.9438,0.9438,0.8668,0.8668,1162,294,116
MACCS,SVM,CHEMBL214_Ki,0.7463,0.7463,0.8888,0.8888,2651,666,245
MACCS,RF,CHEMBL214_Ki,0.7455,0.7467,0.8874,0.8872,2651,666,245
MACCS,GBM,CHEMBL214_Ki,0.7414,0.7295,0.8663,0.8565,2651,666,245
MACCS,KNN,CHEMBL214_Ki,0.8011,0.7988,0.9037,0.9017,2651,666,245
MACCS,SVM,CHEMBL218_EC50,0.703,0.703,0.7289,0.7289,823,208,76
MACCS,RF,CHEMBL218_EC50,0.6736,0.6688,0.7228,0.7124,823,208,76
MACCS,GBM,CHEMBL218_EC50,0.6833,0.7152,0.7466,0.7655,823,208,76
MACCS,KNN,CHEMBL218_EC50,0.7071,0.7071,0.756,0.756,823,208,76
MACCS,SVM,CHEMBL219_Ki,0.8204,0.8204,0.8839,0.8839,1491,374,148
MACCS,RF,CHEMBL219_Ki,0.8088,0.807,0.8286,0.8375,1491,374,148
MACCS,GBM,CHEMBL219_Ki,0.8126,0.8159,0.8687,0.8619,1491,374,148
MACCS,KNN,CHEMBL219_Ki,0.8726,0.8726,0.8878,0.8878,1491,374,148
MACCS,SVM,CHEMBL228_Ki,0.745,0.745,0.7924,0.7924,1362,342,127
MACCS,RF,CHEMBL228_Ki,0.7686,0.769,0.8084,0.8097,1362,342,127
MACCS,GBM,CHEMBL228_Ki,0.7541,0.7701,0.794,0.8074,1362,342,127
MACCS,KNN,CHEMBL228_Ki,0.7785,0.7785,0.8362,0.8362,1362,342,127
MACCS,SVM,CHEMBL231_Ki,0.7829,0.7829,0.8372,0.8372,776,197,48
MACCS,RF,CHEMBL231_Ki,0.7323,0.7386,0.807,0.828,776,197,48
MACCS,GBM,CHEMBL231_Ki,0.7396,0.7543,0.739,0.759,776,197,48
MACCS,KNN,CHEMBL231_Ki,0.8366,0.8366,0.9586,0.9586,776,197,48
MACCS,SVM,CHEMBL233_Ki,0.8685,0.8685,0.9534,0.9534,2512,630,259
MACCS,RF,CHEMBL233_Ki,0.8291,0.8284,0.9073,0.906,2512,630,259
MACCS,GBM,CHEMBL233_Ki,0.8432,0.8463,0.9263,0.9134,2512,630,259
MACCS,KNN,CHEMBL233_Ki,0.853,0.8523,0.9101,0.9106,2512,630,259
MACCS,SVM,CHEMBL234_Ki,0.7392,0.7392,0.7293,0.7293,2924,733,320
MACCS,RF,CHEMBL234_Ki,0.745,0.7443,0.749,0.7498,2924,733,320
MACCS,GBM,CHEMBL234_Ki,0.7234,0.7189,0.7071,0.7241,2924,733,320
MACCS,KNN,CHEMBL234_Ki,0.7865,0.7817,0.7612,0.758,2924,733,320
MACCS,SVM,CHEMBL235_EC50,0.6961,0.6961,0.8382,0.8382,1877,472,178
MACCS,RF,CHEMBL235_EC50,0.7047,0.7052,0.8276,0.8232,1877,472,178
MACCS,GBM,CHEMBL235_EC50,0.7209,0.7131,0.8666,0.8604,1877,472,178
MACCS,KNN,CHEMBL235_EC50,0.7503,0.7503,0.8682,0.8682,1877,472,178
MACCS,SVM,CHEMBL236_Ki,0.8498,0.8498,0.9377,0.9377,2077,521,204
MACCS,RF,CHEMBL236_Ki,0.8212,0.8281,0.9521,0.9565,2077,521,204
MACCS,GBM,CHEMBL236_Ki,0.846,0.8392,0.9416,0.9308,2077,521,204
MACCS,KNN,CHEMBL236_Ki,0.8957,0.8963,1.0475,1.0465,2077,521,204
MACCS,SVM,CHEMBL237_EC50,0.8316,0.8316,0.8853,0.8853,762,193,91
MACCS,RF,CHEMBL237_EC50,0.8498,0.8488,0.906,0.9113,762,193,91
MACCS,GBM,CHEMBL237_EC50,0.8511,0.8312,0.8909,0.9041,762,193,91
MACCS,KNN,CHEMBL237_EC50,0.9619,0.9619,0.9503,0.9503,762,193,91
MACCS,SVM,CHEMBL237_Ki,0.7791,0.7791,0.8726,0.8726,2081,522,223
MACCS,RF,CHEMBL237_Ki,0.8139,0.814,0.9237,0.9274,2081,522,223
MACCS,GBM,CHEMBL237_Ki,0.7787,0.7994,0.8735,0.8857,2081,522,223
MACCS,KNN,CHEMBL237_Ki,0.822,0.8249,0.9403,0.9426,2081,522,223
MACCS,SVM,CHEMBL238_Ki,0.6687,0.6687,0.6821,0.6821,839,213,55
MACCS,RF,CHEMBL238_Ki,0.7014,0.7024,0.7125,0.7082,839,213,55
MACCS,GBM,CHEMBL238_Ki,0.6656,0.6783,0.6775,0.6999,839,213,55
MACCS,KNN,CHEMBL238_Ki,0.7077,0.7077,0.7353,0.7353,839,213,55
MACCS,SVM,CHEMBL239_EC50,0.7178,0.7178,0.8533,0.8533,1374,347,141
MACCS,RF,CHEMBL239_EC50,0.7366,0.7346,0.8688,0.8681,1374,347,141
MACCS,GBM,CHEMBL239_EC50,0.7252,0.7207,0.8371,0.8409,1374,347,141
MACCS,KNN,CHEMBL239_EC50,0.791,0.791,0.8951,0.8951,1374,347,141
MACCS,SVM,CHEMBL244_Ki,0.8183,0.8183,0.8697,0.8697,2476,621,296
MACCS,RF,CHEMBL244_Ki,0.8446,0.8458,0.9186,0.9174,2476,621,296
MACCS,GBM,CHEMBL244_Ki,0.8005,0.7989,0.8656,0.8789,2476,621,296
MACCS,KNN,CHEMBL244_Ki,0.9005,0.9016,0.9424,0.9473,2476,621,296
MACCS,SVM,CHEMBL262_Ki,0.8339,0.8339,0.9592,0.9592,683,173,32
MACCS,RF,CHEMBL262_Ki,0.8907,0.8847,0.8836,0.8843,683,173,32
MACCS,GBM,CHEMBL262_Ki,0.814,0.809,0.92,0.8785,683,173,32
MACCS,KNN,CHEMBL262_Ki,0.9168,0.9168,1.1287,1.1287,683,173,32
MACCS,SVM,CHEMBL264_Ki,0.7205,0.7205,0.8131,0.8131,2288,574,239
MACCS,RF,CHEMBL264_Ki,0.735,0.7379,0.8259,0.8311,2288,574,239
MACCS,GBM,CHEMBL264_Ki,0.6944,0.696,0.7882,0.7901,2288,574,239
MACCS,KNN,CHEMBL264_Ki,0.7661,0.7698,0.8869,0.8905,2288,574,239
MACCS,SVM,CHEMBL2835_Ki,0.4643,0.4643,0.7648,0.7648,489,126,13
MACCS,RF,CHEMBL2835_Ki,0.4468,0.4372,0.8346,0.8238,489,126,13
MACCS,GBM,CHEMBL2835_Ki,0.4534,0.4807,0.8716,0.9261,489,126,13
MACCS,KNN,CHEMBL2835_Ki,0.4669,0.4669,0.8819,0.8819,489,126,13
MACCS,SVM,CHEMBL287_Ki,0.738,0.738,0.789,0.789,1061,267,103
MACCS,RF,CHEMBL287_Ki,0.7952,0.7891,0.836,0.8333,1061,267,103
MACCS,GBM,CHEMBL287_Ki,0.7756,0.7876,0.8477,0.8361,1061,267,103
MACCS,KNN,CHEMBL287_Ki,0.8423,0.8423,0.9244,0.9244,1061,267,103
MACCS,SVM,CHEMBL2971_Ki,0.6568,0.6568,0.6987,0.6987,779,197,34
MACCS,RF,CHEMBL2971_Ki,0.6381,0.6369,0.6547,0.6565,779,197,34
MACCS,GBM,CHEMBL2971_Ki,0.6594,0.6585,0.7429,0.6456,779,197,34
MACCS,KNN,CHEMBL2971_Ki,0.7316,0.7316,0.6706,0.6706,779,197,34
MACCS,SVM,CHEMBL3979_EC50,0.6728,0.6728,0.7146,0.7146,899,226,94
MACCS,RF,CHEMBL3979_EC50,0.6918,0.6963,0.7173,0.7267,899,226,94
MACCS,GBM,CHEMBL3979_EC50,0.6592,0.6611,0.6934,0.7034,899,226,94
MACCS,KNN,CHEMBL3979_EC50,0.7069,0.7069,0.7492,0.7492,899,226,94
MACCS,SVM,CHEMBL4005_Ki,0.7233,0.7233,0.8439,0.8439,767,193,81
MACCS,RF,CHEMBL4005_Ki,0.6947,0.7013,0.8389,0.8448,767,193,81
MACCS,GBM,CHEMBL4005_Ki,0.6907,0.6755,0.8202,0.7899,767,193,81
MACCS,KNN,CHEMBL4005_Ki,0.7657,0.7657,0.8732,0.8732,767,193,81
MACCS,SVM,CHEMBL4203_Ki,0.9817,0.9817,1.4668,1.4668,582,149,13
MACCS,RF,CHEMBL4203_Ki,0.9309,0.9292,1.3447,1.3265,582,149,13
MACCS,GBM,CHEMBL4203_Ki,0.9864,0.9836,1.4153,1.4244,582,149,13
MACCS,KNN,CHEMBL4203_Ki,1.0308,1.0308,1.5023,1.5023,582,149,13
MACCS,SVM,CHEMBL4616_EC50,0.7173,0.7173,0.7795,0.7795,543,139,73
MACCS,RF,CHEMBL4616_EC50,0.7182,0.7168,0.7747,0.7721,543,139,73
MACCS,GBM,CHEMBL4616_EC50,0.7125,0.7151,0.7808,0.7949,543,139,73
MACCS,KNN,CHEMBL4616_EC50,0.7113,0.7113,0.7821,0.7821,543,139,73
MACCS,SVM,CHEMBL4792_Ki,0.7488,0.7488,0.7798,0.7798,1174,297,160
MACCS,RF,CHEMBL4792_Ki,0.7863,0.7867,0.8307,0.8266,1174,297,160
MACCS,GBM,CHEMBL4792_Ki,0.7667,0.7564,0.8064,0.7935,1174,297,160
MACCS,KNN,CHEMBL4792_Ki,0.8627,0.8627,0.8859,0.8859,1174,297,160
PHYSCHEM,SVM,CHEMBL1862_Ki,0.9515,0.9663,0.9005,0.9201,633,161,67
PHYSCHEM,RF,CHEMBL1862_Ki,0.9288,0.9085,0.9474,0.9395,633,161,67
PHYSCHEM,GBM,CHEMBL1862_Ki,0.9207,0.9427,0.8866,0.9033,633,161,67
PHYSCHEM,KNN,CHEMBL1862_Ki,0.9794,1.0008,0.9553,0.9602,633,161,67
PHYSCHEM,SVM,CHEMBL1871_Ki,0.7947,0.8026,1.0386,1.0663,525,134,32
PHYSCHEM,RF,CHEMBL1871_Ki,0.7568,0.753,1.0789,1.0577,525,134,32
PHYSCHEM,GBM,CHEMBL1871_Ki,0.7326,0.7244,1.0604,1.0485,525,134,32
PHYSCHEM,KNN,CHEMBL1871_Ki,0.7973,0.7969,1.0409,1.0635,525,134,32
PHYSCHEM,SVM,CHEMBL2034_Ki,0.7596,0.7632,0.9064,0.9102,598,152,52
PHYSCHEM,RF,CHEMBL2034_Ki,0.7045,0.7054,0.8283,0.8348,598,152,52
PHYSCHEM,GBM,CHEMBL2034_Ki,0.6983,0.7292,0.8262,0.867,598,152,52
PHYSCHEM,KNN,CHEMBL2034_Ki,0.7825,0.7609,0.9123,0.9014,598,152,52
PHYSCHEM,SVM,CHEMBL2047_EC50,0.7533,0.7146,0.689,0.6672,503,128,50
PHYSCHEM,RF,CHEMBL2047_EC50,0.8127,0.8137,0.9019,0.9004,503,128,50
PHYSCHEM,GBM,CHEMBL2047_EC50,0.8135,0.813,0.9004,0.9096,503,128,50
PHYSCHEM,KNN,CHEMBL2047_EC50,0.7734,0.7655,0.8452,0.845,503,128,50
PHYSCHEM,SVM,CHEMBL204_Ki,1.2189,1.2052,1.3217,1.3129,2201,553,220
PHYSCHEM,RF,CHEMBL204_Ki,1.1062,1.1046,1.1608,1.1609,2201,553,220
PHYSCHEM,GBM,CHEMBL204_Ki,1.1391,1.1445,1.1997,1.2108,2201,553,220
PHYSCHEM,KNN,CHEMBL204_Ki,1.1182,1.1148,1.1629,1.1689,2201,553,220
PHYSCHEM,SVM,CHEMBL2147_Ki,0.9825,0.9655,0.9542,0.9065,1162,294,116
PHYSCHEM,RF,CHEMBL2147_Ki,1.0031,0.972,0.9665,0.9162,1162,294,116
PHYSCHEM,GBM,CHEMBL2147_Ki,0.9769,0.9486,0.9519,0.8935,1162,294,116
PHYSCHEM,KNN,CHEMBL2147_Ki,1.0709,1.053,0.9615,0.9226,1162,294,116
PHYSCHEM,SVM,CHEMBL214_Ki,0.9433,0.9567,0.9598,0.9649,2651,666,245
PHYSCHEM,RF,CHEMBL214_Ki,0.8993,0.909,0.9905,0.9892,2651,666,245
PHYSCHEM,GBM,CHEMBL214_Ki,0.895,0.8949,0.9787,0.9881,2651,666,245
PHYSCHEM,KNN,CHEMBL214_Ki,0.962,0.971,1.0497,1.0487,2651,666,245
PHYSCHEM,SVM,CHEMBL218_EC50,0.9867,1.0259,1.0205,1.0046,823,208,76
PHYSCHEM,RF,CHEMBL218_EC50,0.8241,0.8228,0.807,0.7997,823,208,76
PHYSCHEM,GBM,CHEMBL218_EC50,0.8,0.8286,0.8266,0.8262,823,208,76
PHYSCHEM,KNN,CHEMBL218_EC50,0.86,0.8828,0.8329,0.8324,823,208,76
PHYSCHEM,SVM,CHEMBL219_Ki,0.9687,0.9602,1.0125,1.009,1491,374,148
PHYSCHEM,RF,CHEMBL219_Ki,0.9312,0.9297,0.9699,0.97,1491,374,148
PHYSCHEM,GBM,CHEMBL219_Ki,0.9435,0.9496,0.9715,0.9798,1491,374,148
PHYSCHEM,KNN,CHEMBL219_Ki,0.9754,0.9701,0.9877,0.9853,1491,374,148
PHYSCHEM,SVM,CHEMBL228_Ki,0.9292,0.9297,0.8901,0.8905,1362,342,127
PHYSCHEM,RF,CHEMBL228_Ki,0.9233,0.9214,0.9197,0.9166,1362,342,127
PHYSCHEM,GBM,CHEMBL228_Ki,0.9211,0.9072,0.9262,0.9228,1362,342,127
PHYSCHEM,KNN,CHEMBL228_Ki,0.9772,0.9893,0.9437,0.9343,1362,342,127
PHYSCHEM,SVM,CHEMBL231_Ki,0.9768,0.9936,0.8834,0.8922,776,197,48
PHYSCHEM,RF,CHEMBL231_Ki,0.9429,0.9078,0.7627,0.7321,776,197,48
PHYSCHEM,GBM,CHEMBL231_Ki,0.9647,0.9531,0.7671,0.827,776,197,48
PHYSCHEM,KNN,CHEMBL231_Ki,1.0489,1.0454,0.9233,0.8996,776,197,48
PHYSCHEM,SVM,CHEMBL233_Ki,1.1659,1.1595,1.1337,1.1296,2512,630,259
PHYSCHEM,RF,CHEMBL233_Ki,1.0303,1.0193,1.0226,0.9963,2512,630,259
PHYSCHEM,GBM,CHEMBL233_Ki,1.0619,1.0502,1.0669,1.0373,2512,630,259
PHYSCHEM,KNN,CHEMBL233_Ki,1.0415,1.0372,1.0453,1.0296,2512,630,259
PHYSCHEM,SVM,CHEMBL234_Ki,0.9298,0.9436,0.8747,0.8892,2924,733,320
PHYSCHEM,RF,CHEMBL234_Ki,0.8959,0.8866,0.8604,0.8586,2924,733,320
PHYSCHEM,GBM,CHEMBL234_Ki,0.9001,0.8832,0.873,0.8464,2924,733,320
PHYSCHEM,KNN,CHEMBL234_Ki,0.9264,0.9109,0.8895,0.8977,2924,733,320
PHYSCHEM,SVM,CHEMBL235_EC50,0.8862,0.9126,0.9787,1.0058,1877,472,178
PHYSCHEM,RF,CHEMBL235_EC50,0.7938,0.7949,0.8904,0.8915,1877,472,178
PHYSCHEM,GBM,CHEMBL235_EC50,0.7994,0.821,0.9218,0.9114,1877,472,178
PHYSCHEM,KNN,CHEMBL235_EC50,0.8693,0.8736,0.935,0.9376,1877,472,178
PHYSCHEM,SVM,CHEMBL236_Ki,1.1262,1.1155,1.2373,1.2229,2077,521,204
PHYSCHEM,RF,CHEMBL236_Ki,0.9975,0.9893,0.9965,0.9983,2077,521,204
PHYSCHEM,GBM,CHEMBL236_Ki,1.0192,1.0141,1.0193,1.0165,2077,521,204
PHYSCHEM,KNN,CHEMBL236_Ki,1.0423,1.0324,1.0212,1.0278,2077,521,204
PHYSCHEM,SVM,CHEMBL237_EC50,1.061,1.0847,1.0612,1.0709,762,193,91
PHYSCHEM,RF,CHEMBL237_EC50,0.9777,0.966,0.9173,0.8935,762,193,91
PHYSCHEM,GBM,CHEMBL237_EC50,1.034,0.9992,0.9574,0.942,762,193,91
PHYSCHEM,KNN,CHEMBL237_EC50,1.0142,0.9983,0.934,0.9304,762,193,91
PHYSCHEM,SVM,CHEMBL237_Ki,1.0325,1.0199,1.0464,1.0438,2081,522,223
PHYSCHEM,RF,CHEMBL237_Ki,0.9591,0.9612,0.9788,0.9795,2081,522,223
PHYSCHEM,GBM,CHEMBL237_Ki,0.9573,0.9609,0.9809,0.9688,2081,522,223
PHYSCHEM,KNN,CHEMBL237_Ki,0.9706,0.9686,0.9652,0.9554,2081,522,223
PHYSCHEM,SVM,CHEMBL238_Ki,1.0166,1.0011,0.973,0.9546,839,213,55
PHYSCHEM,RF,CHEMBL238_Ki,0.9087,0.9034,0.8471,0.8508,839,213,55
PHYSCHEM,GBM,CHEMBL238_Ki,0.9262,0.9018,0.8614,0.8363,839,213,55
PHYSCHEM,KNN,CHEMBL238_Ki,0.9381,0.9394,0.8602,0.8525,839,213,55
PHYSCHEM,SVM,CHEMBL239_EC50,0.9618,0.9641,1.0569,1.0548,1374,347,141
PHYSCHEM,RF,CHEMBL239_EC50,0.8908,0.8839,1.0376,1.0317,1374,347,141
PHYSCHEM,GBM,CHEMBL239_EC50,0.8756,0.8745,1.0278,1.0227,1374,347,141
PHYSCHEM,KNN,CHEMBL239_EC50,0.8802,0.8738,1.0048,0.9912,1374,347,141
PHYSCHEM,SVM,CHEMBL244_Ki,1.1517,1.1602,1.0887,1.1158,2476,621,296
PHYSCHEM,RF,CHEMBL244_Ki,1.1364,1.1161,1.1281,1.119,2476,621,296
PHYSCHEM,GBM,CHEMBL244_Ki,1.1155,1.1047,1.1179,1.1251,2476,621,296
PHYSCHEM,KNN,CHEMBL244_Ki,1.1382,1.1384,1.1357,1.1425,2476,621,296
PHYSCHEM,SVM,CHEMBL262_Ki,0.9551,0.9489,0.9998,1.0021,683,173,32
PHYSCHEM,RF,CHEMBL262_Ki,0.8619,0.8634,0.846,0.8645,683,173,32
PHYSCHEM,GBM,CHEMBL262_Ki,0.8775,0.8746,0.9401,0.9121,683,173,32
PHYSCHEM,KNN,CHEMBL262_Ki,0.924,0.9064,0.9318,0.9357,683,173,32
PHYSCHEM,SVM,CHEMBL264_Ki,0.8962,0.9085,0.9038,0.9167,2288,574,239
PHYSCHEM,RF,CHEMBL264_Ki,0.848,0.8511,0.8778,0.8861,2288,574,239
PHYSCHEM,GBM,CHEMBL264_Ki,0.8815,0.8779,0.9283,0.9155,2288,574,239
PHYSCHEM,KNN,CHEMBL264_Ki,0.8791,0.8786,0.9167,0.9003,2288,574,239
PHYSCHEM,SVM,CHEMBL2835_Ki,0.4362,0.4135,0.6839,0.6398,489,126,13
PHYSCHEM,RF,CHEMBL2835_Ki,0.499,0.5017,0.8656,0.8914,489,126,13
PHYSCHEM,GBM,CHEMBL2835_Ki,0.5193,0.5389,0.9358,0.905,489,126,13
PHYSCHEM,KNN,CHEMBL2835_Ki,0.4921,0.4907,0.8493,0.8244,489,126,13
PHYSCHEM,SVM,CHEMBL287_Ki,0.8321,0.8179,0.8144,0.8092,1061,267,103
PHYSCHEM,RF,CHEMBL287_Ki,0.7868,0.7844,0.7973,0.7866,1061,267,103
PHYSCHEM,GBM,CHEMBL287_Ki,0.8123,0.8057,0.8147,0.8152,1061,267,103
PHYSCHEM,KNN,CHEMBL287_Ki,0.8402,0.849,0.832,0.8381,1061,267,103
PHYSCHEM,SVM,CHEMBL2971_Ki,0.9243,0.9504,0.8798,0.8548,779,197,34
PHYSCHEM,RF,CHEMBL2971_Ki,0.8235,0.8153,0.8171,0.7967,779,197,34
PHYSCHEM,GBM,CHEMBL2971_Ki,0.8572,0.8588,0.8078,0.8879,779,197,34
PHYSCHEM,KNN,CHEMBL2971_Ki,0.8041,0.7766,0.7381,0.7524,779,197,34
PHYSCHEM,SVM,CHEMBL3979_EC50,0.888,0.9186,0.8503,0.8843,899,226,94
PHYSCHEM,RF,CHEMBL3979_EC50,0.871,0.8731,0.8155,0.8188,899,226,94
PHYSCHEM,GBM,CHEMBL3979_EC50,0.8777,0.8673,0.8066,0.7997,899,226,94
PHYSCHEM,KNN,CHEMBL3979_EC50,0.9026,0.9549,0.8218,0.8427,899,226,94
PHYSCHEM,SVM,CHEMBL4005_Ki,0.8,0.7993,0.8615,0.8523,767,193,81
PHYSCHEM,RF,CHEMBL4005_Ki,0.7853,0.8,0.8984,0.9034,767,193,81
PHYSCHEM,GBM,CHEMBL4005_Ki,0.7746,0.7819,0.8533,0.8625,767,193,81
PHYSCHEM,KNN,CHEMBL4005_Ki,0.8023,0.8197,0.8651,0.841,767,193,81
PHYSCHEM,SVM,CHEMBL4203_Ki,1.0054,1.0052,1.2181,1.2213,582,149,13
PHYSCHEM,RF,CHEMBL4203_Ki,0.9829,1.0024,1.4505,1.4555,582,149,13
PHYSCHEM,GBM,CHEMBL4203_Ki,1.0172,1.0136,1.4865,1.5379,582,149,13
PHYSCHEM,KNN,CHEMBL4203_Ki,0.9793,0.9828,1.3322,1.3259,582,149,13
PHYSCHEM,SVM,CHEMBL4616_EC50,0.8392,0.8413,0.8269,0.8255,543,139,73
PHYSCHEM,RF,CHEMBL4616_EC50,0.8124,0.8165,0.8403,0.8403,543,139,73
PHYSCHEM,GBM,CHEMBL4616_EC50,0.8282,0.828,0.8483,0.8525,543,139,73
PHYSCHEM,KNN,CHEMBL4616_EC50,0.8543,0.8384,0.8813,0.8566,543,139,73
PHYSCHEM,SVM,CHEMBL4792_Ki,0.8713,0.8697,0.8725,0.8703,1174,297,160
PHYSCHEM,RF,CHEMBL4792_Ki,0.8497,0.844,0.8302,0.8257,1174,297,160
PHYSCHEM,GBM,CHEMBL4792_Ki,0.8654,0.8464,0.8355,0.8221,1174,297,160
PHYSCHEM,KNN,CHEMBL4792_Ki,0.8828,0.9096,0.862,0.8561,1174,297,160
WHIM,SVM,CHEMBL1862_Ki,0.895,1.028,0.9171,0.9655,633,161,67
WHIM,RF,CHEMBL1862_Ki,0.8383,0.8645,0.9024,0.8864,633,161,67
WHIM,GBM,CHEMBL1862_Ki,0.8599,0.8732,0.9157,0.8501,633,161,67
WHIM,KNN,CHEMBL1862_Ki,1.0042,0.9865,0.9194,0.8491,633,161,67
WHIM,SVM,CHEMBL1871_Ki,0.8418,0.8571,1.062,1.0881,525,134,32
WHIM,RF,CHEMBL1871_Ki,0.851,0.8817,1.0869,1.1043,525,134,32
WHIM,GBM,CHEMBL1871_Ki,0.8963,0.9027,1.2143,1.1041,525,134,32
WHIM,KNN,CHEMBL1871_Ki,0.8311,0.881,1.105,1.0691,525,134,32
WHIM,SVM,CHEMBL2034_Ki,0.8299,0.842,0.9703,0.9637,598,152,52
WHIM,RF,CHEMBL2034_Ki,0.7718,0.7819,0.8982,0.8769,598,152,52
WHIM,GBM,CHEMBL2034_Ki,0.7832,0.7699,0.8465,0.8551,598,152,52
WHIM,KNN,CHEMBL2034_Ki,0.8282,0.8047,0.9396,0.9293,598,152,52
WHIM,SVM,CHEMBL2047_EC50,0.881,0.8511,0.9093,0.8248,503,128,50
WHIM,RF,CHEMBL2047_EC50,0.8554,0.8331,0.8242,0.7674,503,128,50
WHIM,GBM,CHEMBL2047_EC50,0.8582,0.8528,0.8512,0.7324,503,128,50
WHIM,KNN,CHEMBL2047_EC50,0.8559,0.8407,0.8492,0.8327,503,128,50
WHIM,SVM,CHEMBL204_Ki,1.318,1.3113,1.4322,1.4359,2201,553,220
WHIM,RF,CHEMBL204_Ki,1.264,1.2578,1.3606,1.3597,2201,553,220
WHIM,GBM,CHEMBL204_Ki,1.2984,1.2664,1.3752,1.3814,2201,553,220
WHIM,KNN,CHEMBL204_Ki,1.3561,1.3652,1.4562,1.4822,2201,553,220
WHIM,SVM,CHEMBL2147_Ki,1.1103,1.1029,0.9751,1.0025,1162,294,116
WHIM,RF,CHEMBL2147_Ki,1.0619,1.0416,1.0336,0.9957,1162,294,116
WHIM,GBM,CHEMBL2147_Ki,1.0482,1.0032,0.9999,0.9607,1162,294,116
WHIM,KNN,CHEMBL2147_Ki,1.1892,1.1407,1.014,1.013,1162,294,116
WHIM,SVM,CHEMBL214_Ki,1.057,1.06,1.0908,1.0669,2651,666,245
WHIM,RF,CHEMBL214_Ki,1.0247,1.026,1.0973,1.0795,2651,666,245
WHIM,GBM,CHEMBL214_Ki,1.0376,1.0479,1.1151,1.089,2651,666,245
WHIM,KNN,CHEMBL214_Ki,1.059,1.0693,1.1171,1.112,2651,666,245
WHIM,SVM,CHEMBL218_EC50,0.9186,0.8907,0.9579,0.9255,823,208,76
WHIM,RF,CHEMBL218_EC50,0.9489,0.884,0.9321,0.8941,823,208,76
WHIM,GBM,CHEMBL218_EC50,0.9543,0.8906,0.9313,0.9158,823,208,76
WHIM,KNN,CHEMBL218_EC50,0.9345,0.9208,0.9348,0.9195,823,208,76
WHIM,SVM,CHEMBL219_Ki,1.0182,1.0407,1.0461,1.074,1491,374,148
WHIM,RF,CHEMBL219_Ki,0.9892,0.9895,1.0133,1.0222,1491,374,148
WHIM,GBM,CHEMBL219_Ki,1.0262,1.0327,1.0688,1.0755,1491,374,148
WHIM,KNN,CHEMBL219_Ki,1.0228,1.0611,1.0493,1.0863,1491,374,148
WHIM,SVM,CHEMBL228_Ki,1.0479,1.0948,1.0047,1.0355,1362,342,127
WHIM,RF,CHEMBL228_Ki,1.0514,1.0496,1.0141,1.0408,1362,342,127
WHIM,GBM,CHEMBL228_Ki,1.0661,1.0791,1.0527,1.0201,1362,342,127
WHIM,KNN,CHEMBL228_Ki,1.0816,1.0756,1.0824,1.0168,1362,342,127
WHIM,SVM,CHEMBL231_Ki,0.9681,0.9558,0.9015,0.9001,776,197,48
WHIM,RF,CHEMBL231_Ki,0.9911,0.9533,0.9274,0.9391,776,197,48
WHIM,GBM,CHEMBL231_Ki,0.9939,0.9591,0.93,0.9619,776,197,48
WHIM,KNN,CHEMBL231_Ki,1.0674,1.0074,0.986,0.9088,776,197,48
WHIM,SVM,CHEMBL233_Ki,1.1584,1.1497,1.1877,1.1909,2512,630,259
WHIM,RF,CHEMBL233_Ki,1.1733,1.1316,1.1888,1.148,2512,630,259
WHIM,GBM,CHEMBL233_Ki,1.1894,1.1469,1.2052,1.1585,2512,630,259
WHIM,KNN,CHEMBL233_Ki,1.1946,1.1947,1.2097,1.2158,2512,630,259
WHIM,SVM,CHEMBL234_Ki,1.0112,0.9871,0.9714,0.9221,2924,733,320
WHIM,RF,CHEMBL234_Ki,0.9773,0.9691,0.9201,0.9023,2924,733,320
WHIM,GBM,CHEMBL234_Ki,0.9868,0.9991,0.9266,0.9123,2924,733,320
WHIM,KNN,CHEMBL234_Ki,1.0351,1.0171,0.987,0.9445,2924,733,320
WHIM,SVM,CHEMBL235_EC50,1.0014,0.992,1.0761,1.0815,1877,472,178
WHIM,RF,CHEMBL235_EC50,1.0054,1.0037,1.105,1.1015,1877,472,178
WHIM,GBM,CHEMBL235_EC50,1.0086,1.0001,1.094,1.1008,1877,472,178
WHIM,KNN,CHEMBL235_EC50,0.9955,0.9782,1.0984,1.0792,1877,472,178
WHIM,SVM,CHEMBL236_Ki,1.1618,1.1393,1.1934,1.2,2077,521,204
WHIM,RF,CHEMBL236_Ki,1.1287,1.1178,1.2045,1.1631,2077,521,204
WHIM,GBM,CHEMBL236_Ki,1.1395,1.1319,1.2289,1.1788,2077,521,204
WHIM,KNN,CHEMBL236_Ki,1.1813,1.1499,1.2195,1.2141,2077,521,204
WHIM,SVM,CHEMBL237_EC50,1.2891,1.3074,1.2552,1.2991,762,193,91
WHIM,RF,CHEMBL237_EC50,1.2197,1.3018,1.2242,1.314,762,193,91
WHIM,GBM,CHEMBL237_EC50,1.2055,1.3569,1.2071,1.3497,762,193,91
WHIM,KNN,CHEMBL237_EC50,1.3693,1.319,1.3073,1.3189,762,193,91
WHIM,SVM,CHEMBL237_Ki,1.1663,1.175,1.2212,1.2217,2081,522,223
WHIM,RF,CHEMBL237_Ki,1.1169,1.1205,1.1561,1.14,2081,522,223
WHIM,GBM,CHEMBL237_Ki,1.1179,1.1247,1.1757,1.1285,2081,522,223
WHIM,KNN,CHEMBL237_Ki,1.1984,1.1743,1.2436,1.1873,2081,522,223
WHIM,SVM,CHEMBL238_Ki,1.0363,0.9733,1.0791,0.9897,839,213,55
WHIM,RF,CHEMBL238_Ki,1.033,0.9935,1.0222,0.9634,839,213,55
WHIM,GBM,CHEMBL238_Ki,1.0567,0.9907,1.041,0.9495,839,213,55
WHIM,KNN,CHEMBL238_Ki,1.0511,1.0473,1.0594,1.0123,839,213,55
WHIM,SVM,CHEMBL239_EC50,0.9906,1.0164,1.1091,1.1355,1374,347,141
WHIM,RF,CHEMBL239_EC50,0.9888,0.9979,1.0855,1.0783,1374,347,141
WHIM,GBM,CHEMBL239_EC50,1.021,1.0475,1.1338,1.1333,1374,347,141
WHIM,KNN,CHEMBL239_EC50,1.0293,1.0187,1.1115,1.1004,1374,347,141
WHIM,SVM,CHEMBL244_Ki,1.302,1.3053,1.2726,1.2769,2476,621,296
WHIM,RF,CHEMBL244_Ki,1.2337,1.249,1.2218,1.2071,2476,621,296
WHIM,GBM,CHEMBL244_Ki,1.246,1.2866,1.2087,1.2301,2476,621,296
WHIM,KNN,CHEMBL244_Ki,1.2934,1.2742,1.2566,1.2174,2476,621,296
WHIM,SVM,CHEMBL262_Ki,0.8961,0.8984,1.0306,0.9927,683,173,32
WHIM,RF,CHEMBL262_Ki,0.8705,0.9294,0.9145,1.0229,683,173,32
WHIM,GBM,CHEMBL262_Ki,0.8582,0.9356,0.9453,1.0257,683,173,32
WHIM,KNN,CHEMBL262_Ki,0.88,0.9133,0.9195,0.8676,683,173,32
WHIM,SVM,CHEMBL264_Ki,0.9741,0.9743,1.0208,1.0097,2288,574,239
WHIM,RF,CHEMBL264_Ki,0.9286,0.9363,0.9675,0.9698,2288,574,239
WHIM,GBM,CHEMBL264_Ki,0.9271,0.97,0.9781,1.0206,2288,574,239
WHIM,KNN,CHEMBL264_Ki,0.9649,0.9742,1.0119,1.0089,2288,574,239
WHIM,SVM,CHEMBL2835_Ki,0.5046,0.5116,0.8372,0.8028,489,126,13
WHIM,RF,CHEMBL2835_Ki,0.454,0.4783,0.7206,0.7437,489,126,13
WHIM,GBM,CHEMBL2835_Ki,0.4826,0.503,0.7546,0.7909,489,126,13
WHIM,KNN,CHEMBL2835_Ki,0.4999,0.5335,0.876,0.9013,489,126,13
WHIM,SVM,CHEMBL287_Ki,0.9487,0.9465,1.0296,1.0426,1061,267,103
WHIM,RF,CHEMBL287_Ki,0.9132,0.9168,1.0039,1.0236,1061,267,103
WHIM,GBM,CHEMBL287_Ki,0.9259,0.9407,1.0176,1.0316,1061,267,103
WHIM,KNN,CHEMBL287_Ki,0.9755,0.9741,1.0852,1.0728,1061,267,103
WHIM,SVM,CHEMBL2971_Ki,0.8648,0.8666,1.0651,0.9746,779,197,34
WHIM,RF,CHEMBL2971_Ki,0.8105,0.7499,0.8748,0.8256,779,197,34
WHIM,GBM,CHEMBL2971_Ki,0.8756,0.7812,0.8967,0.8209,779,197,34
WHIM,KNN,CHEMBL2971_Ki,0.8891,0.8099,0.8417,0.8314,779,197,34
WHIM,SVM,CHEMBL3979_EC50,1.0328,1.0445,1.017,1.0198,899,226,94
WHIM,RF,CHEMBL3979_EC50,0.9948,0.9965,0.9075,0.9384,899,226,94
WHIM,GBM,CHEMBL3979_EC50,0.9767,1.0372,0.9331,0.9752,899,226,94
WHIM,KNN,CHEMBL3979_EC50,1.0318,1.0187,0.9344,0.9775,899,226,94
WHIM,SVM,CHEMBL4005_Ki,0.8972,0.9007,0.9309,0.9405,767,193,81
WHIM,RF,CHEMBL4005_Ki,0.903,0.8845,0.9044,0.9045,767,193,81
WHIM,GBM,CHEMBL4005_Ki,0.9254,0.8817,0.9268,0.94,767,193,81
WHIM,KNN,CHEMBL4005_Ki,0.8939,0.9285,0.9175,0.9975,767,193,81
WHIM,SVM,CHEMBL4203_Ki,1.0339,1.0251,1.1683,1.1688,582,149,13
WHIM,RF,CHEMBL4203_Ki,0.9971,0.9974,1.1197,1.1101,582,149,13
WHIM,GBM,CHEMBL4203_Ki,1.0263,1.034,1.2459,1.2519,582,149,13
WHIM,KNN,CHEMBL4203_Ki,1.0706,1.0704,1.2879,1.3052,582,149,13
WHIM,SVM,CHEMBL4616_EC50,0.9099,0.91,0.9295,0.9003,543,139,73
WHIM,RF,CHEMBL4616_EC50,0.8782,0.9122,0.9074,0.8879,543,139,73
WHIM,GBM,CHEMBL4616_EC50,0.9022,0.9515,0.9589,0.9042,543,139,73
WHIM,KNN,CHEMBL4616_EC50,0.8793,0.8847,0.8961,0.8458,543,139,73
WHIM,SVM,CHEMBL4792_Ki,1.0678,1.091,1.0721,1.0968,1174,297,160
WHIM,RF,CHEMBL4792_Ki,1.0381,1.0399,1.0228,1.0222,1174,297,160
WHIM,GBM,CHEMBL4792_Ki,1.0303,1.0398,1.0089,1.0337,1174,297,160
WHIM,KNN,CHEMBL4792_Ki,1.0155,1.0522,1.0048,1.0205,1174,297,160
